{"cameraMode":{"drawMode":0,"name":"Shaded","section":"Shading Mode"},"sceneLighting":true,"audioPlay":false,"sceneViewState":{"m_AlwaysRefresh":false,"showFog":true,"showSkybox":true,"showFlares":true,"showImageEffects":true,"showParticleSystems":true,"showVisualEffectGraphs":true,"m_FxEnabled":true},"in2DMode":false,"pivot":{"x":-0.4085342288017273,"y":-0.21136365830898286,"z":-14.333162307739258},"rotation":{"x":-0.000600007246248424,"y":0.9986158609390259,"z":-0.05128370597958565,"w":-0.011683491058647633},"size":9.170577049255371,"orthographic":false}