{"cameraMode":{"drawMode":0,"name":"Shaded","section":"Shading Mode"},"sceneLighting":true,"audioPlay":false,"sceneViewState":{"m_AlwaysRefresh":false,"showFog":true,"showSkybox":true,"showFlares":true,"showImageEffects":true,"showParticleSystems":true,"showVisualEffectGraphs":true,"m_FxEnabled":true},"in2DMode":false,"pivot":{"x":905.6425170898438,"y":655.5623168945313,"z":-8.7701416015625},"rotation":{"x":0.13933484256267548,"y":0.016332512721419336,"z":-0.0023000857327133419,"w":0.9901008009910584},"size":501.9512939453125,"orthographic":false}